番号,用語(漢字),用語(カタカナ),x,y,タテ/ヨコ,ヒント文,解説文
55,インターネット,インターネット,47,22,タテ,IPを用いて情報を流通させる世界にまたがるネットワーク,インターネットは、世界中の小さなネットワーク同士をつないだ巨大なネットワークです。Web、メール、SNS、動画配信などは、その上で動くサービスの一部です。「インターネット＝Web」と思いがちですが、WebはHTTPという仕組みを使う代表的なサービスであり、インターネット全体とは少し違います。IPアドレスやルータ、プロトコルとつなげて理解すると、情報が世界中へ届く仕組みが見えてきます。
6,メディアリテラシー,メディアリテラシー,30,5,タテ,メディアを適切に使いこなす能力,メディアリテラシーは、テレビ、新聞、SNS、動画、広告などから得た情報をそのまま信じるのではなく、目的や発信者、根拠を考えながら読み解く力です。情報モラルが「どう使うか」に関わるのに対し、こちらは「どう受け取り、判断するか」に重点があります。画像の切り取り方や見出しだけで印象が変わることも多いので、複数の情報源を比べる習慣が大切です。
31,メディア,メディア,38,16,ヨコ,情報を伝えたり保管・記録するもの,メディアは、情報を伝えるための手段や媒体を指します。紙の本、新聞、テレビ、Webサイト、SNS、動画、音声、USBメモリのような記録媒体まで広く含みます。情報そのものではなく、情報を運んだり保存したりする「入れ物」だと考えると分かりやすいです。メディアが変わると、伝わる速さ、保存のしやすさ、信頼性、表現の仕方も変わります。
62,データ,データ,34,23,ヨコ,情報を文字等の形で具体的に表現したものであり、情報として解釈可能なもの(注2.1),データは、文字、数値、画像、音、動画などとして表された、処理や記録ができる形の情報です。たとえば「30」という数値だけでは意味が弱いですが、「気温30℃」のように文脈が加わると情報として理解できます。情報とデータは似ていますが、データはコンピュータが扱える材料、情報は人間が意味づけして理解した内容と考えると整理しやすいです。
98,情報,ジョウホウ,36,35,タテ,ものごとに対し知り得たことで、文脈により特定の意味を持つもの(注2.1）,情報は、人が何かを判断したり行動したりするために意味を持つ内容です。同じデータでも、見る人や状況によって情報としての価値は変わります。たとえば「80」という数値も、点数、気温、速度のどれかで意味がまったく違います。データ、メディア、コミュニケーションと関係が深く、情報Ⅰ全体の土台になる重要語です。
11,ブレインストーミング,ブレインストーミング,27,7,タテ,アイデアを出すための話し合いで、なんでも思いついたことを言い批判はしないなどのルールがある,ブレインストーミングは、アイデアの量を増やすための話し合いの方法です。最初から正解を探すのではなく、変な案や未完成の案も歓迎し、他人の意見を否定しないことが大切です。後で整理や評価を行うので、発想の段階では自由さを優先します。情報デザインや問題解決の授業では、プロトタイプ作成の前に使うと効果的です。
86,情報モラル,ジョウホウモラル,4,32,ヨコ,人が情報を扱う上で求められる道徳,情報モラルは、情報社会で他人を傷つけず、自分も危険に巻き込まれないための考え方や態度です。著作権、個人情報、SNSでの発信、パスワード管理など、さまざまな内容とつながります。「法律で禁止されていなければ何をしてもよい」ではなく、相手や社会にどんな影響があるかを想像する力が重要です。
43,個人情報,コジンジョウホウ,38,18,タテ,生存するある個人に関する情報。ただし、その情報に含まれる記述等によりその個人を識別できるもの。(不完全な要約)(注2.2),個人情報は、氏名や住所のように一人の個人を識別できる情報だけでなく、他の情報と組み合わせることで個人が分かるものも含みます。写真、学籍番号、メールアドレス、位置情報、制服や背景から分かる学校名なども注意が必要です。SNSに友人の写真を載せる場面では、肖像権や情報モラルとも関係します。自分にとって普通の情報でも、他人にとっては知られたくない情報かもしれません。扱うときは、集める目的、公開範囲、保存方法を考えることが大切です。
53,個人情報の保護に関する法律,コジンジョウホウノホゴニカンスルホウリツ,17,21,ヨコ,個人情報データベース等を事業に使用している事業者が従うべき規則を定めた法律(注2.3),個人情報の保護に関する法律は、事業者などが個人情報を適切に扱うためのルールを定めた法律です。単に「漏らしてはいけない」というだけでなく、利用目的を示すこと、必要以上に集めないこと、安全に管理することなどが求められます。学校や企業の名簿、アンケート、Webサービスの登録情報にも関係します。個人情報を便利に使うほど、管理する責任も大きくなります。
19,肖像権,ショウゾウケン,11,11,ヨコ,無断で写真を撮られたり、それを無断で公表・利用されることがない権利,肖像権は、自分の顔や姿を勝手に撮影されたり、公表されたり、利用されたりしないための権利です。法律名として明確に一つだけある権利ではありませんが、人格的利益として大切に扱われます。学校行事の写真やSNS投稿では、撮った人だけでなく写っている人への配慮が必要です。著作権とは別の問題なので、写真を自分で撮った場合でも自由に公開できるとは限りません。
94,知的財産権,チテキザイサンケン,15,34,ヨコ,知的財産に関する権利,知的財産権は、人間の知的な活動から生まれた作品、発明、デザイン、ブランドなどを守る権利の総称です。著作権、特許権、商標権などが含まれます。形のある物ではなく「アイデアや表現の価値」を守る点が特徴です。ただし、すべての思いつきが保護されるわけではなく、表現や発明として一定の条件を満たす必要があります。
41,産業財産権,サンギョウザイサンケン,21,18,タテ,知的財産権のうち、特許権、実用新案権、意匠権及び商標権の４つ,産業財産権は、知的財産権のうち、産業やビジネスで使われる発明、考案、デザイン、商標を守る権利です。特許権、実用新案権、意匠権、商標権の4つが代表です。著作権と違い、多くは特許庁への出願と登録が必要になります。新しい製品を作るときは、技術だけでなく名前やデザインも財産になる点がポイントです。
66,特許権,トッキョケン,51,23,タテ,特許を受けた発明を独占的に実施することができる権利,特許権は、新しい技術的な発明を一定期間独占的に使えるようにする権利です。発明を公開する代わりに、発明者や企業が利益を得られるようにする仕組みとも言えます。単なる思いつきや発見ではなく、技術として実現できる新しさや進歩性が必要です。AIやスマートフォンのような製品にも、多数の特許が関わっていることがあります。
76,実用新案権,ジツヨウシンアンケン,8,28,ヨコ,物品の形状、構造または組み合わせに係る考案を保護するための権利,実用新案権は、物品の形や構造、組み合わせに関する工夫を保護する権利です。特許権ほど高度な発明でなくても、実用的なアイデアを守れる点が特徴です。たとえば道具の形を少し工夫して使いやすくした場合などが考えられます。プログラムそのものというより、物としての構造に関わる権利だと意識すると、特許権との違いをつかみやすくなります。
69,意匠権,イショウケン,5,25,タテ,工業デザインを守る権利,意匠権は、製品の形、模様、色彩など、見た目のデザインを守る権利です。見た目は単なる飾りと思われがちですが、商品の印象や使いやすさに大きく関わるため、産業上の価値があります。スマートフォンの外観、文房具の形、家電のデザインなども対象になり得ます。著作権が作品表現を守るのに対し、意匠権は工業製品としてのデザインを守る点がポイントです。
89,商標権,ショウヒョウケン,44,32,ヨコ,商品又はサービスについて使用する商標に対して与えられる独占排他権,商標権は、商品名、サービス名、ロゴ、マークなど、他の商品やサービスと区別するための目印を守る権利です。似た名前やロゴを勝手に使われると、消費者が本物と間違えたり、ブランドの信用が下がったりします。著作権が作品を守るのに対し、商標権は「どこの商品・サービスか」を示す信用を守ります。身近な企業ロゴを見ると理解しやすい用語です。
94,著作権,チョサクケン,15,34,タテ,思想又は感情を創作的に表現したものを著作物、それに関する権利を著作権という,著作権は、小説、音楽、絵、写真、動画、プログラムなど、創作的な表現を守る権利です。登録しなくても、作品を作った時点で原則として発生します。アイデアそのものではなく、具体的に表現されたものが対象です。授業での引用、画像利用、動画編集、生成AIの利用など、学校生活でも関わる場面が多いので、「自分が作ったか」「他人の表現をどう使うか」を意識することが大切です。
57,著作物,チョサクブツ,9,23,タテ,著作権の保護対象。思想又は感情を創作的に表現したもの,著作物は、思想や感情を創作的に表現したものです。文章、絵、音楽、写真、映像、プログラムなどが代表例です。ただの事実やアイデアだけでは著作物になりにくく、表現の工夫があるかが大切です。たとえば「富士山は高い」という事実は誰でも使えますが、その説明文や写真の構図には著作物性が生まれることがあります。著作権の保護対象を考える基本用語です。
26,著作人格権,チョサクジンカクケン,16,15,ヨコ,著作権のうち、人格的な利益を保護する権利,著作人格権は、著作者の人格的な利益を守る権利です。名前を表示するか、作品を勝手に変更されないか、いつ公表するかなどに関わります。お金を得る権利である著作財産権とは性質が違い、作者の気持ちや名誉に近い部分を守ります。たとえ画像や文章を使う許可を得たとしても、作者の意図を大きく変える改変には注意が必要です。
58,著作隣接権,チョサクリンセツケン,13,23,タテ,著作物の伝達に重要な役割を果たす実演家、レコード製作者、放送事業者等に認められた権利,著作隣接権は、著作物を人々に届ける役割を持つ人や組織を守る権利です。歌手や演奏者、レコード製作者、放送事業者などが関係します。作詞作曲をした人だけでなく、演奏した人や録音した人にも保護が必要という考え方です。音楽を使うときは、曲の著作権だけでなく、音源や演奏に関する権利も問題になることがあるため注意が必要です。
38,引用,インヨウ,46,17,タテ,正当な範囲内で著作物に他の著作物の一部を取り込むこと,引用は、他人の著作物の一部を、自分の文章や発表の中で必要な範囲だけ取り込むことです。出典を示せば何でも使えるという意味ではなく、自分の説明が主で、引用部分が従であることなどの条件があります。レポートやスライドで資料を使うときによく関係します。引用は「丸写しを正当化する言葉」ではなく、根拠を示して自分の考えを強めるための方法です。
85,可用性,カヨウセイ,51,31,ヨコ,情報セキュリティ3要素の1つで、情報が必要なときに利用できること,可用性は、必要なときに情報やシステムを利用できる状態を指します。情報セキュリティの3要素の一つで、機密性や完全性と並んで重要です。たとえばサーバが故障して成績データにアクセスできなければ、内容が漏れていなくても問題です。バックアップ、停電対策、ネットワークの安定性などは可用性を高める工夫です。安全とは「隠すこと」だけではない点がポイントです。
65,完全性,カンゼンセイ,49,23,タテ,情報セキュリティ3要素の1つで、情報が失われたり改ざんされたりしないこと,完全性は、情報が正しく保たれ、勝手に変更されたり壊れたりしていない状態を指します。情報セキュリティの3要素の一つです。テストの点数や銀行口座の残高が1文字でも変わると大問題になるように、正確さは信頼の土台です。改ざん防止、入力チェック、バックアップ、ログ記録などと関係します。情報が存在していても、正しいかどうかを確認できなければ安心して使えません。
72,機密性,キミツセイ,51,25,ヨコ,情報セキュリティ3要素の1つで、情報が権利のない人に使われないこと,機密性は、情報を見たり使ったりしてよい人だけがアクセスできる状態を指します。情報セキュリティの3要素の一つで、パスワード、アクセス権、暗号化などと関係します。個人情報や成績、企業の秘密情報は機密性が特に重要です。ただし、機密性を高めすぎると使いにくくなり、可用性とのバランスが必要になることがあります。
37,ソーシャルエンジニアリング,ソーシャルエンジニアリング,32,17,タテ,情報技術以外の方法で情報を不正入手すること,ソーシャルエンジニアリングは、技術的な攻撃ではなく、人の心理や不注意を利用して情報を盗み出す方法です。肩越しに画面を見る、電話で管理者を装う、捨てられた紙から情報を拾うなどが例です。パスワードを強くしても、人がだまされれば突破されることがあります。情報セキュリティでは、コンピュータだけでなく人間も弱点になり得ることを理解する必要があります。
42,情報セキュリティ,ジョウホウセキュリティ,26,18,タテ,情報に関する安全性,情報セキュリティは、情報を安全に扱うための考え方や対策全体を指します。代表的には機密性、完全性、可用性の3要素で整理されます。ウィルス対策やパスワードだけでなく、バックアップ、教育、ルール作り、事故発生時の対応も含みます。便利な情報システムほど多くの人が使うため、技術と人の両方から守る視点が必要です。
84,ユーザID,ユーザアイディー,32,31,タテ,PCなどを使用する個人に対応した番号等,ユーザIDは、システムの中で利用者を区別するための名前や番号です。パスワードと組み合わせて本人確認に使われることが多いですが、ID自体は秘密情報とは限りません。学校のアカウントやメールアドレス、会員番号などが例です。複数人でIDを共有すると、誰が何をしたか分からなくなるため、ログ管理や責任の面でも問題が起こります。
113,パスワード,パスワード,38,40,ヨコ,アカウントやユーザIDを勝手な使用から守る合言葉,パスワードは、本人だけが知っていることを前提に、アカウントを守るための合言葉です。短いものや誕生日のように推測されやすいものは危険です。ユーザIDが家の表札なら、パスワードは鍵に近い存在です。ただし、強いパスワードでも使い回すと、一つのサービスから漏れたときに他のサービスも危険になります。二要素認証と合わせて考えると安全性が高まります。
4,ウィルス,ウィルス,37,4,タテ,他のプログラムに自分のコピーを移植することで広まるマルウェア,ウィルスは、他のプログラムなどに自分のコピーをくっつけて広がるマルウェアの一種です。現在はウィルス以外にも、ランサムウェアやスパイウェアなど多様な悪意あるソフトがあります。一般には悪いソフト全体を「ウィルス」と呼ぶこともありますが、厳密にはマルウェアの一分類です。不審な添付ファイルを開かない、OSやソフトを更新するなどの対策が重要です。
97,ファイアウォール,ファイアウォール,6,35,ヨコ,外部のネットと内部のネットの間に設置し、正当でないアクセスを防ぐ機器やソフト,ファイアウォールは、ネットワークの出入り口で通信を監視し、許可する通信と遮断する通信を分ける仕組みです。学校や会社のネットワークを外部からの攻撃から守る役割があります。火災の延焼を防ぐ防火壁にたとえられるため、この名前が使われます。ただし、すべての危険を防げるわけではなく、ウィルス対策や利用者の注意と組み合わせる必要があります。
20,不正アクセス禁止法,フセイアクセスキンシホウ,23,11,タテ,アクセス制御のあるシステムに対しその制御をバイパスして利用させることを禁じる法律,不正アクセス禁止法は、他人のIDやパスワードを使ったり、アクセス制御を突破したりして、許可なくシステムを利用することを禁止する法律です。軽い気持ちで友人のアカウントにログインする行為も問題になり得ます。情報モラルだけでなく法律にも関係する重要語です。「パスワードを教えてもらったから大丈夫」とは限らず、利用権限があるかどうかが大切です。
100,フィッシング,フィッシング,21,36,ヨコ,Webで本来のサイトに似せたサイトに誘導すること,フィッシングは、本物そっくりのメールやWebサイトで利用者をだまし、ID、パスワード、クレジットカード情報などを入力させる攻撃です。魚釣りのように相手を誘い込むことからこの名前が使われます。URLの確認、急がせる文面への警戒、公式アプリから開く習慣が対策になります。見た目が本物に似ているほど危険なので、メディアリテラシーとも関係します。
23,電子マネー,デンシマネー,13,13,タテ,現金代わりに使える電子データ化されたお金,電子マネーは、現金の代わりに電子的なデータとして金額を記録し、支払いに使う仕組みです。交通系ICカードやスマホ決済などが身近な例です。現金と違って利用履歴が残りやすく、便利な一方で個人情報やセキュリティにも関係します。チャージ型、後払い型、ポイント型など種類があり、仕組みを理解して使うことが大切です。
2,IoT,アイオーティー,24,2,タテ,あらゆるモノをインターネットに接続する技術,IoTは、家電、車、センサー、時計などのモノをインターネットにつなぎ、データを集めたり操作したりする考え方です。スマート家電や見守りセンサー、工場の機械管理などに使われます。便利になる一方で、機器が乗っ取られるとプライバシーや安全に影響します。インターネット、データ、セキュリティを結びつけて理解するとよい用語です。
12,SNS,エスエヌエス,32,7,ヨコ,Web上で社会的ネットワーク(ソーシャルネットワーク)を構築可能にするサービス,SNSは、人と人とのつながりをWeb上で作り、投稿やメッセージで情報を共有するサービスです。友人との交流だけでなく、ニュース、広告、学習、災害時の連絡にも使われます。一方で、誤情報の拡散、炎上、個人情報の流出、肖像権の問題も起こります。発信と受信の両方でメディアリテラシーと情報モラルが必要になる代表的な場面です。
116,AI,エーアイ,22,42,タテ,人間の脳で行っているような作業をコンピューターにさせること,AIは、人間が行う判断、分類、予測、文章生成などの知的な作業をコンピュータに行わせる技術や研究分野です。現在よく使われるAIは、大量のデータからパターンを学習して結果を出すものが多いです。便利ですが、常に正しい答えを出すわけではありません。データの偏り、説明のしにくさ、著作権や個人情報との関係も理解する必要があります。
80,ユニバーサルデザイン,ユニバーサルデザイン,30,29,タテ,文化や年齢・性別・能力、障害の有無などに関わらず、出来る限り幅広い人々に適応すること,ユニバーサルデザインは、年齢、国籍、障害の有無などに関わらず、できるだけ多くの人が使いやすいように最初から設計する考え方です。後から特別対応を足すだけでなく、最初の設計段階で幅広い利用者を想定する点が重要です。ピクトグラム、段差の少ない入口、読みやすい表示などが例です。アクセシビリティやユーザビリティとつながる言葉です。
111,アクセシビリティ,アクセシビリティ,21,40,ヨコ,アクセスのしやすさ、製品やサービスの利用しやすさ,アクセシビリティは、障害の有無や利用環境に関係なく、情報やサービスにアクセスし利用できる度合いを表します。Webページなら、読み上げソフトで読める、色だけに頼らない、キーボードだけで操作できるなどが大切です。ユーザビリティが「使いやすさ」に近いのに対し、アクセシビリティは「そもそも使えるか」に強く関係します。
28,ユーザビリティ,ユーザビリティ,31,15,ヨコ,使いやすさ、目標達成に有効・効率的かつ快適であること,ユーザビリティは、利用者が目的を達成しやすく、効率よく、気持ちよく使えるかを表す考え方です。ボタンの位置、文字の大きさ、操作手順の分かりやすさなどが関係します。アクセシビリティが利用可能性を重視するのに対し、ユーザビリティは使いやすさや満足度に近いです。情報デザインでは、作った人の都合ではなく使う人の視点で考えることが重要です。
112,ビッグデータ,ビッグデータ,25,40,タテ,さまざまな形をし、さまざまな性格を持った、さまざまな種類のデータ,ビッグデータは、量が多いだけでなく、種類が多く、発生する速度も速いデータの集まりを指します。検索履歴、購買履歴、SNS投稿、センサーデータなどが例です。AIやデータ分析では価値ある材料になりますが、個人情報や偏りの問題もあります。「大きいデータなら必ず正しい」というわけではなく、集め方や目的を考える必要があります。
74,コミュニケーション,コミュニケーション,38,27,タテ,人が人に意図を持って情報を伝えること,コミュニケーションは、人が意図を持って情報を伝え、相手がそれを受け取って意味を理解する活動です。言葉だけでなく、表情、図、音、文字、メディアなども関係します。送り手、受け手、メッセージ、媒体、文脈のどれかがずれると誤解が生まれます。情報デザインやプレゼンテーションでは、相手にどう伝わるかを考えることが重要です。
83,E-メール,イーメール,22,31,ヨコ,ネット上で手紙のようにメッセージをやりとりするシステム,E-メールは、インターネットを使って手紙のようにメッセージを送受信する仕組みです。送信にはSMTP、受信や管理にはIMAPなどのプロトコルが関係します。SNSより形式的な連絡や記録に向いており、学校や仕事でも多く使われます。一方で、添付ファイルによるウィルス感染やフィッシングメールもあるため、差出人やURLの確認が必要です。
82,符号化,フゴウカ,33,30,ヨコ,様々な情報を一連の記号(符号)で表現できるよう体系化すること,符号化は、文字、音、画像などの情報を、コンピュータが扱える記号やビット列に変換することです。文字コード、音声の標本化と量子化、画像の画素化などは符号化の例です。人間にとって意味のある情報を、0と1で処理できる形にする橋渡しだと考えると分かりやすいです。復号や圧縮とも深く関係します。
54,バイト,バイト,46,22,ヨコ,8ビット,バイトは、一般に8ビットをまとめたデータ量の単位です。文字、画像、音声、動画などのデータサイズを表すときによく使われます。1KB、1MB、1GBのように大きな単位へ広げて考えます。ビットが0か1の最小単位であるのに対し、バイトは実際のファイルサイズを考えるときに使いやすい単位です。半角英数字1文字がだいたい1バイトだった歴史もあります。
29,ビット,ビット,34,15,タテ,0か1か、のように2つのうちどちらかの情報。デジタルデータの最小単位,ビットは、0か1かという2通りの状態を表す、デジタルデータの最小単位です。コンピュータは電気信号のオン・オフを利用して情報を扱うため、ビットが基本になります。8ビットをまとめると1バイトになり、文字コードや画像、音声のデータ量にも関係します。情報Ⅰでは、2進法、符号化、データ量を理解する出発点になる用語です。
50,文字コード,モジコード,0,21,タテ,文字に対して割り振った番号ないしビット列,文字コードは、文字一つ一つに番号やビット列を割り当てる仕組みです。コンピュータは文字を直接理解しているのではなく、対応する数値として保存・処理しています。ASCIIコードやUnicodeは代表的な文字コードです。文字化けは、保存したときの文字コードと読むときの解釈がずれることで起こることがあります。日本語を扱うときは特に重要な考え方です。
32,ASCIIコード,アスキーコード,41,16,タテ,英数字などを含む7ビットのコード体系,ASCIIコードは、英数字や記号、制御文字を7ビットで表す古くからある文字コードです。英語圏のコンピュータ通信の基礎として広く使われました。日本語のような多くの文字は表せないため、現在はUnicodeなどと組み合わせて理解する必要があります。プログラミングで文字と数値の関係を学ぶとき、Aや0のコード番号を見ると符号化の考え方が実感できます。
93,UNICODE,ユニコード,3,34,タテ,世界の多くの文字をまとめて含むコード体系,UNICODEは、世界中の多くの文字を共通して扱えるようにした文字コードの体系です。日本語、英語、絵文字、さまざまな国の文字を同じ考え方で表せる点が特徴です。Webやスマートフォンで多言語が表示できる背景にはUnicodeの存在があります。ASCIIコードより範囲が広く、文字化けを減らすためにも重要です。ただし、実際の保存形式にはUTF-8などの符号化方式が関係します。
1,フォント,フォント,27,0,タテ,統一された書体の文字のセット,フォントは、同じデザイン方針で作られた文字の形のセットです。同じ文章でも、明朝体、ゴシック体、手書き風などで印象や読みやすさが変わります。情報デザインでは、見た目の好みだけでなく、目的、読みやすさ、強調、雰囲気を考えて選ぶ必要があります。文字コードが「どの文字か」を表すのに対し、フォントは「どう見せるか」を決めるものです。
60,ピクセル,ピクセル,24,23,ヨコ,デジタル画像の1つの点,ピクセルは、デジタル画像を構成する最小の点です。画面に表示される写真やイラストは、多数のピクセルが集まってできています。ピクセル数が多いほど細かく表現できますが、ファイルサイズも大きくなりやすいです。解像度、階調、圧縮とつなげて考えると、画像データの仕組みが理解しやすくなります。拡大しすぎると四角い点が見えるのもピクセルのためです。
75,解像度,カイゾウド,2,28,ヨコ,画素の細かさの度合い,解像度は、画像や画面がどれだけ細かく表現できるかを示す度合いです。一般にはピクセル数や1インチあたりの点の数で表されます。解像度が高いほど細部を表しやすいですが、必ず見やすいとは限らず、表示する画面や印刷サイズとの関係が大切です。画像を無理に拡大しても元の情報が増えるわけではない点は誤解しやすいポイントです。
8,階調,カイチョウ,13,7,タテ,彩度・明度・色相の段階数,階調は、色や明るさを何段階で表現できるかを表します。白黒画像でも、白と黒だけなら2階調、灰色を細かく表せば多階調になります。音の量子化と同じように、連続的な値を段階に分けてデジタル化する考え方と関係します。階調が少ないと、なめらかなグラデーションが段々に見えることがあります。画像の美しさは解像度だけでなく階調にも左右されます。
70,圧縮,アッシュク,23,25,ヨコ,データを少ないビット数で済むように変換すること,圧縮は、データの内容をなるべく少ないビット数で表せるように変換することです。画像、音声、動画、文書ファイルなどで広く使われます。保存容量を減らしたり、通信時間を短くしたりするのに役立ちます。可逆圧縮と非可逆圧縮があり、元に完全に戻せるかどうかが大きな違いです。便利ですが、圧縮しすぎると画質や音質が下がる場合があります。
10,可逆圧縮,カギャクアッシュク,19,7,タテ,圧縮したものを伸長すると元と同じになる圧縮方法,可逆圧縮は、圧縮したデータを元に戻したとき、完全に同じデータに復元できる方法です。文書ファイルやプログラムなど、1文字でも変わると困るデータに向いています。ZIPやPNGなどが例です。非可逆圧縮と比べると圧縮率は低くなりがちですが、正確さを保てるのが長所です。完全性を重視するデータでは、可逆であることが大きな意味を持ちます。
63,非可逆圧縮,ヒカギャクアッシュク,40,23,タテ,圧縮したものを伸長した時に完全には元に戻らない圧縮方法,非可逆圧縮は、元のデータの一部を捨てることで、より小さなデータ量にする圧縮方法です。JPEG画像やMP3音声、動画圧縮などで使われます。人間が気づきにくい情報を減らすため、見た目や聞こえ方を大きく変えずにサイズを小さくできます。ただし、元には完全に戻せません。何度も保存し直すと劣化が目立つ場合がある点に注意が必要です。
51,標本化,ヒョウホンカ,8,21,ヨコ,信号の値を一定間隔で読み取ること,標本化は、連続的に変化する音や信号を、一定の時間間隔で区切って値を読み取ることです。アナログの音をデジタルデータにする最初の重要な手順です。読み取る間隔が細かいほど、元の変化を詳しく記録できますが、データ量も増えます。量子化と組み合わせて、音声や画像をコンピュータで扱える形に変換します。サンプリングとも呼ばれます。
103,量子化,リョウシカ,34,37,ヨコ,DA変換で読み取った値を何段階かのデジタル値に直すこと,量子化は、標本化で読み取った値を、あらかじめ決めた段階のどれかに割り当てることです。たとえば音の大きさを細かい段階の数値に変換します。段階数が多いほど元の信号に近づきますが、データ量も増えます。画像の階調や音声のビット深度とも関係します。アナログの連続した世界を、デジタルの区切られた値にする重要な考え方です。
97,フレームレート,フレームレート,6,35,タテ,1秒あたりのフレーム数,フレームレートは、動画やアニメーションで1秒間に何枚の静止画を表示するかを表す値です。単位はfpsがよく使われます。値が高いほど動きがなめらかに見えますが、データ量や処理負荷も増えます。映画、ゲーム、スマートフォン動画では目的に応じて異なるフレームレートが使われます。解像度や圧縮と同じく、画質とデータ量のバランスを考える用語です。
9,2進法,ニシンホウ,15,7,タテ,0と1の数字を用い、1桁進むごとに値が2倍になる記数法,2進法は、0と1の2種類の数字だけで数を表す記数法です。コンピュータは電気信号のオン・オフを扱いやすいため、内部では2進法が基本になります。1桁左に進むごとに値が2倍になる点は、10進法で10倍になるのと対応しています。ビット、バイト、文字コード、画像データなど、デジタル情報の理解に欠かせない土台です。
64,16進法,ジュウロクシンホウ,42,23,タテ,0?9およびA?Fの数字を用い、1桁進むごとに値が16倍になる記数法,16進法は、0から9とAからFを使って数を表す記数法です。1桁で4ビット分を表せるため、2進数を短く読みやすく書くときに便利です。色コード、メモリアドレス、文字コードの表示などでよく使われます。Aは10、Fは15を表す点が最初は間違えやすいです。2進法と対応させて考えると、なぜ情報分野でよく使われるのかが分かります。
95,ピクトグラム,ピクトグラム,43,34,タテ,多くの人が直感的に理解できるシンプルな絵やマーク,ピクトグラムは、文字を使わず、単純化した絵やマークで意味を伝える表現です。非常口、トイレ、交通案内、スポーツ競技のマークなどが身近です。言語が違っても直感的に伝わりやすい反面、文化や経験によって解釈がずれることもあります。ユニバーサルデザインや情報デザインと関係し、誰にでも分かる表現を考える題材として使いやすい用語です。
114,ヒストグラム,ヒストグラム,4,41,ヨコ,柱状グラフ、度数分布を(度数0のところ以外は)互いに隣接した柱で表したグラフ,ヒストグラムは、数値データをいくつかの範囲に分け、それぞれに入るデータの個数を柱の高さで表すグラフです。棒グラフに似ていますが、横軸が連続した数値の範囲で、柱を隙間なく並べる点が特徴です。テストの点数分布や身長の分布を見るときに役立ちます。平均だけでは分からない、ばらつきや偏りを確認できるのが強みです。
76,情報デザイン,ジョウホウデザイン,8,28,タテ,情報を目的に応じて収集・分析・再構築してわかりやすい表現に変換すること,情報デザインは、情報を相手に分かりやすく伝えるために、内容、順序、表現方法を工夫して設計することです。文字の大きさ、色、図表、配置、操作画面などが関係します。単に見た目をきれいにすることではなく、目的に合わせて誤解なく伝わるようにするのが重要です。アクセシビリティ、ユーザビリティ、プレゼンテーションとも深くつながります。
13,プレゼンテーション,プレゼンテーション,17,8,タテ,話題を決めてスライドなどを使って聞き手に向けて発表すること,プレゼンテーションは、聞き手に向けて情報や考えを分かりやすく伝える発表です。スライドはあくまで補助であり、目的、聞き手、構成、話し方が重要になります。情報デザインの考え方を使うと、文字を詰め込みすぎず、図や具体例で伝えやすくできます。上手なプレゼンは、単に話が長いことではなく、聞き手が理解して行動できることを目指します。
79,HTML,エイチティーエムエル,28,29,タテ,Webページのコンテンツを記述するマークアップ言語,HTMLは、Webページの見出し、段落、画像、リンクなどの構造を記述するためのマークアップ言語です。プログラミング言語と呼ばれることもありますが、主な役割は計算処理ではなく文書構造を示すことです。CSSやJavaScriptと組み合わせることで、見た目や動きを加えられます。HTTPで取り寄せられ、ブラウザが解釈して表示する点もWebの仕組みと関係します。
107,ハードウェア,ハードウェア,49,38,ヨコ,機械や電子機器の装置,ハードウェアは、コンピュータを構成する物理的な機械や電子部品です。CPU、メインメモリ、補助記憶装置、キーボード、ディスプレイなどが含まれます。ソフトウェアが指示やデータであるのに対し、ハードウェアは実際に動く装置です。どちらか一方だけではコンピュータは役に立たず、OSやアプリケーションと組み合わせて機能します。
6,メインメモリ,メインメモリ,30,5,ヨコ,CPUと密接に協働する番地のついた記憶装置,メインメモリは、CPUがプログラムやデータを一時的に置いて作業するための記憶装置です。補助記憶装置より高速ですが、電源を切ると内容が消えることが多いです。机の上の作業スペースにたとえると分かりやすく、広いほど同時に多くの作業をしやすくなります。CPU、OS、アプリケーションの動作速度にも関係する重要な部品です。
5,CPU,シーピーユー,23,5,ヨコ,コンピュータの中枢部分で、演算とプログラム実行を司る,CPUは、コンピュータの中心となり、計算や命令の実行を行う装置です。人間にたとえると頭脳に近い役割を持ちますが、実際にはメインメモリから命令を読み、順番に処理していきます。性能はクロック周波数やコア数だけで決まるわけではありません。プログラム、OS、ハードウェア全体の関係を理解すると、CPUの役割がより分かります。
-,bit,ビット,-1,-1,-,0か1か、のように2つのうちどちらかの情報。デジタルデータの最小単位,bitは、ビットを英字で表したもので、0か1かの2通りの状態を表す最小単位です。通信速度ではbpsのようにビット単位が使われ、ファイルサイズではバイト単位が使われることが多いです。bitとbyteは似ていますが、1byteは一般に8bitなので混同しないことが大切です。データ量やネットワーク速度を読むときの基本になります。
52,補助記憶装置,ホジョキオクソウチ,11,21,タテ,主記憶よりも遅いが大容量・低コストな記憶装置,補助記憶装置は、データやプログラムを長期間保存するための記憶装置です。SSD、HDD、USBメモリなどが代表です。メインメモリより低速なことが多いですが、大容量で電源を切っても内容が残ります。机の引き出しや本棚のような存在だと考えると分かりやすいです。保存容量、読み書き速度、バックアップの考え方とも関係します。
37,ソフトウェア,ソフトウェア,32,17,ヨコ,動くコンピュータの要素のうち、ハードウェア以外のもの。プログラム・データ等,ソフトウェアは、コンピュータを動かすためのプログラムやデータの集まりです。OS、アプリ、ゲーム、ブラウザなどが含まれます。ハードウェアが機械そのものなら、ソフトウェアはその機械に何をさせるかを決める指示や仕組みです。更新によって機能が増えたり不具合が修正されたりしますが、脆弱性対策のためにもアップデートは重要です。
39,プログラム,プログラム,6,18,ヨコ,コンピュータの動作内容を定める、指示書のようなもの,プログラムは、コンピュータに実行させたい処理を順序立てて書いた指示の集まりです。料理のレシピのように、手順が曖昧だと期待どおりに動きません。プログラミング言語で書かれ、変数、分岐、反復、関数などを組み合わせて作ります。コンピュータは空気を読まないため、人間が意図を正確に表現することが大切です。
44,基本ソフト,キホンソフト,44,18,ヨコ,コンピュータを動かしたり有効に使うためのソフトウェア,基本ソフトは、コンピュータ全体を管理し、アプリケーションソフトを動かす土台となるソフトウェアです。代表例はOSです。ファイル管理、画面表示、入力装置の制御、メモリ管理など、利用者が意識しにくい部分も担当します。アプリが直接ハードウェアを細かく操作しなくてもよいのは、基本ソフトが仲介しているからです。
47,アプリケーションソフトウェア,アプリケーションソフトウェア,35,19,タテ,人間がやりたい特定の作業をやらせてくれるソフトウェア,アプリケーションソフトウェアは、利用者が文書作成、表計算、画像編集、Web閲覧、ゲームなど特定の目的を達成するために使うソフトウェアです。OSの上で動作し、利用者にとって最も目に見えやすい存在です。基本ソフトが土台なら、アプリケーションソフトはその上で行う具体的な作業道具です。目的に合うアプリを選ぶことも情報活用能力の一部です。
40,OS,オーエス,12,18,ヨコ,コンピュータ内の資源を管理し、ユーザが使いたいソフトウェアを動かしてくれる基本ソフト,OSは、コンピュータの資源を管理し、アプリケーションソフトを動かす基本ソフトです。Windows、macOS、iOS、Android、Linuxなどが例です。CPU、メモリ、ファイル、ネットワーク、画面表示などを管理し、利用者とハードウェアの間を仲介します。アプリはOSに依存する部分があるため、同じアプリでも対応OSが決まっていることがあります。
59,プログラミング言語,プログラミングゲンゴ,15,23,タテ,プログラムを書くのに用いる記法,プログラミング言語は、人間がコンピュータに処理を指示するために使う人工的な言語です。Python、JavaScript、C、Javaなどが代表例です。日本語のような自然言語と違い、書き方の規則が厳密で、少しの記号の違いでエラーになることがあります。ただし、考えるべき本質は言語名よりも、順次、分岐、反復、変数、関数などの考え方です。
91,フローチャート,フローチャート,12,33,タテ,プログラムの実行の流れを表す図法,フローチャートは、処理の流れを図で表す方法です。開始・終了、処理、判断、入出力などを決まった図形で表し、矢印で順序を示します。プログラムを書く前に手順を整理したり、他人に処理内容を説明したりするのに役立ちます。順次構造、分岐構造、反復構造を視覚的に確認できるため、アルゴリズムの理解にも向いています。
87,基本ソフトウェア,キホンソフトウェア,21,32,タテ,コンピュータを動かしたり有効に使うためのソフトウェア,基本ソフトウェアは、コンピュータを動かす土台となるソフトウェアで、OSとほぼ同じ意味で使われることが多いです。ハードウェアを管理し、アプリケーションソフトが共通の方法で動けるようにします。利用者がファイルを保存したり、プリンタを使ったりできるのも、基本ソフトウェアが裏側で調整しているからです。アプリとの違いを意識すると整理しやすい用語です。
16,API,エーピーアイ,32,9,ヨコ,ライブラリの手続き(関数)呼び出し方法をまとめたもの,APIは、ソフトウェア同士が機能を呼び出したりデータをやり取りしたりするための窓口や約束事です。たとえば地図サービスの機能を別のアプリで使うとき、APIが利用されることがあります。中身の詳しい作りを知らなくても、決められた呼び出し方を使えば機能を利用できます。ライブラリ、Webサービス、アプリ連携を理解するうえで重要な考え方です。
110,変数,ヘンスウ,33,39,ヨコ,プログラム中で値を保持する機構,変数は、プログラムの中で値を一時的に保存し、後から利用するための名前付きの箱のようなものです。数値、文字列、リストなどさまざまな値を入れられます。ただし、数学の変数と違い、プログラムでは途中で値を書き換えることが多いです。代入、参照、更新の流れを理解すると、カウンタや合計計算、条件分岐のプログラムが読みやすくなります。
81,順次構造,ジュンジコウゾウ,3,30,ヨコ,複数の動作を順に実行することを1つの動作と考えること,順次構造は、処理を上から順番に実行していく基本的な流れです。プログラムは特別な指示がなければ、書かれた順に命令を進めます。料理の手順のように、順番が変わると結果も変わることがあります。分岐構造や反復構造と並ぶ、構造化プログラミングの基本要素です。複雑なプログラムも、まずは順番に何が起こるかを追うことが大切です。
34,分岐構造,ブンキコウゾウ,44,16,タテ,複数の動作から1つを選び実行すること,分岐構造は、条件によって実行する処理を変える構造です。プログラムではif文などで表され、「点数が80点以上なら合格」「雨なら傘を持つ」のような判断を行います。条件式が正しいか、境界の値をどう扱うかが間違えやすいポイントです。順次構造だけでは同じ処理しかできませんが、分岐により状況に応じた動きが作れます。
49,反復構造,ハンプクコウゾウ,37,20,ヨコ,一連の動作を繰り返し実行すること,反復構造は、同じ処理を条件に応じて繰り返す構造です。for文やwhile文で表され、合計を求める、リストを順に処理する、条件が満たされるまで続けるといった場面で使います。繰り返しの回数や終了条件を間違えると、無限ループになることがあります。順次・分岐・反復の3つを組み合わせることで、多くのアルゴリズムを表現できます。
107,配列,ハイレツ,49,38,タテ,値が連続して並んでいる構造,配列は、複数の値を順番に並べてまとめて扱うデータ構造です。プログラミング言語によってはリストと呼ばれることもあります。テストの点数、名前の一覧、画像のピクセル列など、同じ種類のデータを扱うときに便利です。何番目の要素かを示す添字を使いますが、0番目から始まる言語も多いため、最初は数え間違いに注意が必要です。
106,関数,カンスウ,39,38,タテ,手続きとも言う。コードの集まりに名前を付け、引数を渡して呼び出せるようにしたもの,関数は、まとまった処理に名前を付け、必要に応じて呼び出せるようにしたものです。入力として引数を受け取り、結果として戻り値を返すことがあります。同じ処理を何度も書かずに済み、プログラムを読みやすく保守しやすくします。数学の関数と似ていますが、画面表示やファイル操作のように、値を返すだけでない処理も関数として扱われます。
22,Algorithm,アルゴリズム,10,13,タテ,問題を解決するための手順ないし計算方法,Algorithmは、日本語ではアルゴリズムと呼ばれ、問題を解決するための明確な手順や計算方法を指します。料理のレシピ、駅までの道順、並べ替えの手順なども広い意味ではアルゴリズム的に考えられます。プログラムはアルゴリズムをコンピュータが実行できる形に書いたものです。正しさだけでなく、速さや分かりやすさも重要になります。
45,分散,ブンサン,20,19,ヨコ,「それぞれの値から平均を引いた値の2乗」の平均値,分散は、データが平均のまわりにどのくらい散らばっているかを表す値です。それぞれの値と平均の差を2乗して平均するため、平均から大きく離れた値ほど強く影響します。平均が同じ2つのクラスでも、分散が違えば点数のばらつきは違います。標準偏差や外れ値の理解にもつながります。単に代表値を見るだけでなく、データの広がりを見るための用語です。
73,シミュレーション,シミュレーション,23,27,タテ,実物の代わりに模型やモデルを用いてやってみること,シミュレーションは、現実の現象を直接試す代わりに、モデルやコンピュータを使って再現し、結果を調べる方法です。天気予報、交通渋滞、感染症の広がり、ゲームの物理演算などに使われます。現実を完全に再現できるわけではないため、モデルの前提が重要です。モデリングとセットで考えると、何を簡略化し、何を重視しているのかが見えてきます。
18,モデリング,モデリング,24,10,ヨコ,モデルを作ること,モデリングは、現実の対象や仕組みを理解しやすい形に単純化してモデルを作ることです。地図、グラフ、数式、プログラム、3Dモデルなどが例です。現実をすべてそのまま写すのではなく、目的に必要な部分を選んで表します。シミュレーションは、作ったモデルを使って動きを試すことが多いです。良いモデルは、単純でありながら目的に対して役に立つものです。
35,プロトコル,プロトコル,49,16,タテ,通信のために守らなければならない決まり事,プロトコルは、コンピュータ同士が通信するときに守る決まり事です。どの形式で送るか、どの順番でやり取りするか、エラー時にどうするかなどを定めます。HTTP、SMTP、IMAP、TCP/IPなどが代表例です。人間同士でも、電話では「もしもし」、手紙では宛名を書くように、通信には共通の約束が必要です。プロトコルが合わなければ、機器同士は正しく会話できません。
21,パケット,パケット,34,12,ヨコ,データを決まった大きさの単位に分けたもの,パケットは、ネットワークで送るデータを小さな単位に分けたものです。大きなデータをそのまま送るのではなく、小包のように分けて送り、受け取った側で組み立てます。途中で別々の経路を通ることもあります。ルータはパケットの宛先を見て次の送り先を判断します。インターネットが多くの通信を同時に扱える背景には、このパケット通信の考え方があります。
61,LAN,ラン,31,23,ヨコ,局所的な範囲でつながっているネットワーク,LANは、学校、家庭、会社など限られた範囲の中で機器をつなぐネットワークです。プリンタ共有、ファイル共有、校内サーバへの接続などに使われます。無線LANはケーブルではなく電波でつなぐLANです。WANやインターネットと比べると範囲が狭く、管理者が比較的把握しやすい点が特徴です。身近なネットワークの基本として理解しやすい用語です。
77,WAN,ワン,31,28,ヨコ,LANを含む、広範囲につながったネットワーク,WANは、広い範囲にまたがるネットワークです。企業の本社と支店をつないだり、国や地域を越えて通信したりする場合に使われます。LANが校内や家庭内のような狭い範囲を指すのに対し、WANはそれらをさらに広く結ぶイメージです。インターネットは世界規模のWANの代表的な例と考えることもできます。距離が広がるほど、回線、速度、安全性の管理が重要になります。
88,TCP/IP,ティーシーピーアイピー,28,32,ヨコ,インターネットで使われる通信プロトコルの総称,TCP/IPは、インターネットで広く使われる通信プロトコル群の総称です。IPは宛先に向けてパケットを届ける役割、TCPはデータが正しく届くように確認しながら通信する役割を持ちます。Web、メール、ファイル転送など多くのサービスの土台になっています。単一のプロトコル名というより、複数の約束事を組み合わせた通信の基本セットと考えると分かりやすいです。
48,インターネットサービスプロバイダ,インターネットサービスプロバイダ,19,20,タテ,学校、家庭、企業などのLANをインターネットに繋いでくれる事業者,インターネットサービスプロバイダは、家庭、学校、会社などをインターネットに接続するためのサービスを提供する事業者です。略してISPとも呼ばれます。回線そのものを提供する会社と、接続サービスを提供する会社が分かれる場合もあります。インターネットは勝手につながっているのではなく、LANから外部のネットワークへ出るためにプロバイダなどの仕組みが関わっています。
3,クライアント,クライアント,22,3,ヨコ,ユーザごとに起動されサーバからサービスを受けるプログラム,クライアントは、サーバに対してサービスを要求し、結果を受け取る側のプログラムやコンピュータです。Webブラウザ、メールアプリ、スマホアプリなどが例です。サーバが情報や機能を提供し、クライアントがそれを利用するという関係をクライアントサーバ方式と呼びます。利用者の端末そのものをクライアントと呼ぶこともありますが、本来は役割を表す言葉です。
46,サーバ,サーバ,28,19,ヨコ,管理されたサーバシステム上で動き多数のクライアントにサービスを提供するプログラム,サーバは、多数のクライアントに対してサービスやデータを提供するコンピュータやプログラムです。Webページを返すWebサーバ、メールを扱うメールサーバ、ファイルを保存するファイルサーバなどがあります。高性能な専用機だけでなく、役割としてサーバと呼ぶ点がポイントです。クライアントとサーバの関係を理解すると、Webやメールの仕組みが見えやすくなります。
68,ドメイン名,ドメインメイ,0,25,ヨコ,TCP/IPでホスト・サイトを識別する英数字の名前,ドメイン名は、インターネット上のコンピュータやサービスを人間が覚えやすい文字列で表した名前です。IPアドレスは数字の住所のようなものですが、ドメイン名は分かりやすい名前に当たります。DNSという仕組みにより、ドメイン名からIPアドレスが調べられます。URLの一部にも含まれ、Webサイトの信頼性を判断するときにも確認したいポイントです。
14,IPアドレス,アイピーアドレス,21,8,ヨコ,IPが使用する32ビット(IPv6では128ビット)のアドレス,IPアドレスは、ネットワーク上の機器を識別するための住所のような番号です。IPv4では32ビット、IPv6では128ビットで表されます。Webサイトにアクセスするときも、最終的には相手のIPアドレスを使って通信しています。ドメイン名は人間に分かりやすい名前で、IPアドレスは機械が通信するための宛先だと考えると整理しやすいです。LAN内の住所とインターネット上の住所の違いにも注意が必要です。
104,ルータ,ルータ,11,38,ヨコ,パケットを経路制御表に従って正しい方向に送る機器,ルータは、ネットワークとネットワークの間でパケットを適切な方向へ送る機器です。家庭では、家のLANとインターネットをつなぐ役割を持つことが多いです。宛先のIPアドレスを見て、次にどこへ送るかを判断します。ハブが同じLAN内の接続を助けるのに対し、ルータは異なるネットワーク同士を結ぶ点が重要です。通信の交通整理役と考えると分かりやすいです。
33,ハブ,ハブ,43,16,ヨコ,LANのインタフェースからの線を集約し相互に接続する機器,ハブは、LAN内で複数の機器を接続するための装置です。古い意味では受け取った信号を全ポートに流す機器を指しますが、現在はスイッチングハブが一般的です。ルータがネットワーク同士をつなぐのに対し、ハブは同じネットワーク内の機器を集める役割です。家庭や学校の配線で、複数のPCや機器をつなぐ場面をイメージすると理解しやすいです。
115,無線LAN,ムセンラン,20,41,タテ,無線で構築されたLAN,無線LANは、ケーブルではなく電波を使って機器をLANに接続する仕組みです。Wi-Fiは無線LANの代表的な規格や認証ブランドとして使われます。便利で移動しやすい一方、電波が届く範囲では第三者に通信を狙われる可能性もあるため、暗号化や強いパスワードが必要です。有線LANと比べて、距離や障害物、混雑によって速度や安定性が変わりやすい点も特徴です。
108,暗号化,アンゴウカ,54,38,タテ,もとの文(平文)を暗号文に変換すること,暗号化は、平文を第三者に読みにくい暗号文へ変換することです。通信内容や保存データを守るために使われます。暗号化してもデータが消えるわけではなく、正しい鍵を持つ人だけが復号して読めるようになります。共通鍵方式と公開かぎ暗号方式が代表的です。HTTPSやWi-Fiの保護など、普段のネット利用にも暗号化は深く関わっています。
25,復号,フクゴウ,8,15,ヨコ,暗号文をもとの文(平文)に変換すること,復号は、暗号化された暗号文を、読める平文に戻すことです。暗号化と対になる処理で、正しい鍵や手順がなければ元に戻せません。情報セキュリティでは、通信中に盗み見られても内容を理解されにくくするために暗号化と復号が使われます。復号できる人をどう管理するかが重要で、鍵を失ったり漏らしたりすると安全性や可用性に大きく影響します。
92,平文,ヒラブン,25,33,タテ,暗号化する前の、もとの文,平文は、暗号化される前の、普通に読める状態のデータや文章です。メール本文、パスワード、個人情報などが平文のまま通信されると、盗み見られたときに内容がそのまま分かってしまいます。暗号化は平文を暗号文に変える処理であり、復号は暗号文を平文に戻す処理です。セキュリティを考えるときは、どこで平文になっているかを意識することが大切です。
71,共通鍵方式,キョウツウカギホウシキ,34,25,ヨコ,暗号化と復号の両方におなじ鍵を使用する暗号方式,共通鍵方式は、暗号化と復号に同じ鍵を使う暗号方式です。処理が速いため大量のデータ通信に向いていますが、相手に安全に鍵を渡す方法が課題になります。家の合鍵を渡すイメージに近く、鍵を持つ人は暗号化も復号もできます。公開かぎ暗号方式と組み合わせて使われることも多く、HTTPSなどの安全な通信の理解につながります。
53,公開かぎ暗号方式,コウカイカギアンゴウホウシキ,17,21,タテ,暗号化と復号の両方に異なる鍵を使用する暗号方式,公開かぎ暗号方式は、暗号化と復号に異なる鍵を使う暗号方式です。公開鍵は他人に知らせてもよく、秘密鍵は本人だけが持ちます。鍵を事前に安全に共有しにくい相手とも安全に通信しやすい点が特徴です。共通鍵方式より処理は重くなりがちなので、実際の通信では両者を組み合わせることがあります。デジタル署名やHTTPSの仕組みにも関係します。
67,セキュリティポリシー,セキュリティポリシー,44,24,タテ,企業や組織において実施する情報セキュリティ対策の方針や行動指針,セキュリティポリシーは、組織が情報を安全に扱うための方針やルールをまとめたものです。パスワードの管理、端末の持ち出し、メール利用、事故発生時の対応などが含まれます。単に禁止事項を並べるだけでなく、なぜ守る必要があるのか、誰が何を担当するのかを明確にすることが大切です。技術対策と人の行動を結びつける役割があります。
17,IMAP,アイマップ,36,9,タテ,受け取ったメールをサーバ内で保管し整理・アクセスできるプロトコル,IMAPは、メールをサーバ上に保存したまま、複数の端末から読んだり整理したりできる受信用のプロトコルです。スマートフォンとパソコンで同じメールボックスを見られるのは、IMAPの仕組みが関係することがあります。メールを送るSMTPとは役割が違います。クラウド上でメールを管理する現在の使い方に向いていますが、サーバ容量やアカウント管理にも注意が必要です。
12,SMTP,エスエムティーピー,32,7,タテ,メールサーバに向けてメールを送るプロトコル,SMTPは、メールを送信するためのプロトコルです。メールソフトからメールサーバへ送るときや、メールサーバ同士で配送するときに使われます。受信や閲覧にはIMAPなど別のプロトコルが使われるため、SMTPだけでメール全体が完結するわけではありません。郵便でいえば、差し出した手紙を配送ルートに乗せる仕組みに近いと考えると分かりやすいです。
24,HTTP,エイチティーティーピー,22,13,ヨコ,Webページを取り寄せるのに使うプロトコル,HTTPは、WebブラウザがWebサーバからページや画像などを取り寄せるためのプロトコルです。URLを入力してページを見るとき、裏側ではHTTPの要求と応答が行われます。HTTPSはHTTPに暗号化などの安全な仕組みを加えたものです。HTMLはページの内容を記述する言語で、HTTPはそれを通信でやり取りする約束事だと分けて理解すると混乱しにくいです。
7,URL,ユーアールエル,21,6,タテ,WWW上のページ等に対応するアドレス,URLは、Web上のページやファイルなどの場所を示す住所のような文字列です。通信方法を示す部分、ドメイン名、フォルダやファイルの場所などから構成されます。URLを見ると、どのサイトにアクセスしているかを確認できるため、フィッシング対策にも役立ちます。ただし、長いURLや似た文字を使った偽サイトもあるので、見た目だけでなくドメイン名を慎重に確認することが大切です。
101,データベース,データベース,2,37,ヨコ,大量のデータを体系的に整理し、容易に共用・再利用できるようにしたもの,データベースは、大量のデータを整理して保存し、必要なときに検索・更新・共有しやすくした仕組みです。図書館の蔵書、商品の在庫、学校の成績、SNSの投稿など、多くの情報システムで使われます。単なる表の集まりではなく、重複を減らし、正確に扱うための設計が重要です。データベース管理システムやRDBとつなげて理解すると、実際のシステムの裏側が見えてきます。
27,データベース管理システム,データベースカンリシステム,29,15,タテ,データベースの機能を実現しているソフトウェア,データベース管理システムは、データベースを作成、保存、検索、更新、管理するためのソフトウェアです。略してDBMSとも呼ばれます。利用者やアプリケーションが安全にデータを使えるよう、権限管理、同時利用、バックアップ、整合性の維持などを担当します。データベースがデータの入れ物だとすると、DBMSはそれを管理し使いやすくする道具です。RDBを扱う製品も多くあります。
117,オープンデータ,オープンデータ,17,43,ヨコ,コンピュータで利用可能なデータ形式で、二次利用が可能なルールで公開されたデータ,オープンデータは、誰でも利用しやすい形式とルールで公開されたデータです。行政の統計、交通情報、気象情報などが例です。二次利用が認められているため、アプリ開発、研究、地域課題の分析などに活用できます。ただし、公開されているからといって自由に何をしてもよいわけではなく、ライセンスや個人情報への配慮が必要です。データ活用社会を考えるうえで重要な用語です。
22,RDB,アールディービー,10,13,ヨコ,データモデルに関係モデルを採用したデータベース,RDBは、リレーショナルデータベースのことで、表の形でデータを管理し、表同士の関係を使って情報を整理するデータベースです。行は1件のデータ、列は項目を表します。学校なら生徒表、クラス表、成績表を分けて関連付けるイメージです。重複を減らし、データの整合性を保ちやすい点が特徴です。SQLという言語で操作されることが多く、実務でも広く使われています。
105,情報システム,ジョウホウシステム,17,38,ヨコ,情報を主に扱うシステム,情報システムは、情報を集め、保存し、処理し、必要な人に提供するための仕組み全体です。コンピュータやネットワークだけでなく、利用者、業務手順、ルールも含めて考えます。POS、予約システム、学校の成績管理、銀行システムなどが例です。システムは機械だけで完結せず、人がどう使うかによって価値や問題点が変わる点が重要です。
36,POS,ポス,22,17,ヨコ,販売時点情報管理システム。販売時点で売れた商品や金額等を記録し在庫管理等に役立てる,POSは、商品が売れた時点で、商品名、価格、数量、時刻などを記録し、販売や在庫管理に役立てる情報システムです。コンビニやスーパーのレジで使われています。売上データを分析すれば、どの商品がいつ売れるかを予測し、発注やキャンペーンに活用できます。単なるレジではなく、データベースやデータ分析とつながる仕組みだと考えると理解しやすいです。
30,散布図,サンプズ,6,16,タテ,横軸と縦軸にそれぞれ別の量をとりデータが当てはまるところに点を打って示すグラフ,散布図は、2つの量の関係を見るために、横軸と縦軸にそれぞれの値を取り、データを点で表したグラフです。身長と体重、気温と売上のような関係を調べるときに使います。点の並び方から相関の有無を考えられますが、相関があるからといって必ず原因と結果の関係があるとは限りません。データ分析では、平均だけでなく点のばらつきを見ることが大切です。
78,テキストマイニング,テキストマイニング,44,28,ヨコ,大量のテキストデータから有益な情報を取り出すこと,テキストマイニングは、アンケートの自由記述、SNS投稿、ニュース記事など大量の文章から、傾向や特徴を取り出す分析方法です。よく出る単語を調べたり、単語同士の関係を見たりします。数字だけでは分かりにくい意見や感情を扱える点が特徴です。ただし、言葉の意味は文脈に左右されるため、結果を機械的に信じすぎず、人間による解釈も必要です。
102,量的データ,リョウテキデータ,18,37,タテ,数値あらわされ数字の大小に意味をもつデータ,量的データは、数値で表され、大小や差に意味があるデータです。身長、気温、点数、時間、金額などが例です。平均や分散を計算したり、散布図で関係を見たりできます。ただし、数字で書かれていても名義尺度や順序尺度のように計算に向かない場合があります。データ分析では、見た目が数値かどうかだけでなく、その数値にどんな意味があるかを確認することが重要です。
99,質的データ,シツテキデータ,41,35,タテ,量的データでないデータ,質的データは、分類や種類を表すデータで、数値の大小として扱うことが主目的ではないものです。血液型、好きな教科、住所の都道府県、アンケートの選択肢などが例です。集計して割合を出したり、棒グラフや円グラフで表したりすることが多いです。数字でコード化されていても、大小や平均に意味がない場合があるので、名義尺度や順序尺度との違いに注意が必要です。
90,比例尺度,ヒレイシャクド,47,32,タテ,数値は0点に意味をもち、比率にも意味がある,比例尺度は、0が「まったくない」ことを意味し、比率にも意味がある尺度です。長さ、重さ、時間、金額などが例です。20kgは10kgの2倍と言えるように、割り算による比較ができます。間隔尺度は差には意味がありますが、比率には注意が必要です。データ分析で平均や割合を扱うとき、尺度の種類を意識すると、計算してよいことと危ない解釈が分かります。
98,順序尺度,ジュンジョシャクド,36,35,ヨコ,数値は順番付のための番号付で、何番目という意味のみ持つ,順序尺度は、順位や段階を表す尺度で、大小関係には意味がありますが、間隔が等しいとは限りません。満足度の1から5、順位、成績評価の段階などが例です。1位と2位の差が、2位と3位の差と同じとは限らない点が重要です。平均を出して使うこともありますが、厳密には解釈に注意が必要です。量的データのように見えても、性質が違う場合があります。
85,間隔尺度,カンカクシャクド,51,31,タテ,数値は差が等しければ違いが等しいという意味がある,間隔尺度は、数値の差に意味があり、同じ差なら同じだけ違うと考えられる尺度です。摂氏温度や西暦年などが例です。20℃は10℃より10℃高いと言えますが、20℃が10℃の2倍暑いとは言いにくいです。0が「何もない」を意味しないため、比例尺度とは区別します。データの種類によって、引き算はできても割り算には注意が必要という理解がポイントです。
96,名義尺度,メイギシャクド,46,34,ヨコ,単なる区別のための番号付けで、数値の大小に意味はない,名義尺度は、単に種類を区別するための尺度です。血液型、出席番号、郵便番号、性別の分類、好きな色などが例です。番号が付いていても大小や平均には意味がありません。たとえば背番号の平均を出しても、選手の特徴を表すとは言えません。データ分析で数値として入力されていると計算したくなりますが、その数値が何を表すのかを確認することが大切です。
15,外れ値,ハズレチ,10,9,ヨコ,他の測定値から外れた値,外れ値は、他のデータから大きく離れた値です。入力ミスの場合もあれば、珍しいけれど正しい観測値の場合もあります。平均は外れ値の影響を受けやすいため、中央値や箱ひげ図を使って確認することがあります。外れ値を見つけたら、すぐに消すのではなく、なぜその値になったのかを考えることが重要です。データ分析では、例外が新しい発見につながることもあります。
56,欠損値,ケッソンチ,5,23,ヨコ,特定の変数が何かしらの理由で欠落していること,欠損値は、データの一部が空欄だったり、測定できなかったりして存在しない値です。アンケートの未回答、センサー故障、入力漏れなどで発生します。欠損値を0として扱うと意味が変わることがあるため注意が必要です。分析では、除外する、平均で補う、別の方法で推定するなどの対応を考えます。データは集めた後にきれいに整える作業も重要です。
109,トレードオフ,トレードオフ,5,39,ヨコ,一方を立てれば他方がまずくなるといった、二つものの間の関係,トレードオフは、一方を良くしようとすると、もう一方が悪くなる関係を指します。たとえば画質を上げるとデータ量が増える、セキュリティを強くすると使いやすさが下がる、といった例があります。情報分野では、速度、費用、安全性、便利さ、正確さのバランスを考える場面が多いです。絶対に良い選択が一つあるとは限らず、目的に応じて優先順位を決めることが大切です。
